timestamp_utc,checkout_version,p95_latency_ms,error_rate_pct,db_active_connections,db_queued_requests,payment_gateway_requests_per_min,rate_limited_429_count,checkout_success_rate_pct
2026-07-07T10:24:00,v2.14.0,4190,37.7,50,41,600,90,62.3
2026-07-07T10:26:00,v2.14.0,4185,37.5,50,40,598,89,62.4
2026-07-07T10:27:00,v2.13.4 (rollout 6/12),2950,21.0,47,18,430,41,78.5
2026-07-07T10:28:00,v2.13.4,1210,6.2,33,3,262,6,93.8
2026-07-07T10:29:00,v2.13.4,420,1.8,26,0,214,0,97.6
2026-07-07T10:30:00,v2.13.4,210,0.8,23,0,198,0,98.9
2026-07-07T10:32:00,v2.13.4,168,0.5,22,0,186,0,99.3
2026-07-07T10:35:00,v2.13.4,155,0.4,21,0,182,0,99.4
2026-07-07T10:40:00,v2.13.4,149,0.3,20,0,179,0,99.5
